row,what_it_does,name_website_match,line_fit,confidence,trading_name,note
2371,office technology solutions provider,YES,UNCLEAR,LOW,,
2373,unknown,YES,OK,LOW,,generic line
2376,legal education and training,YES,OK,MED,,
2377,education nonprofit,YES,OK,MED,,
2378,education data analytics nonprofit,YES,WRONG,HIGH,,research org not training provider
2381,unknown,YES,UNCLEAR,LOW,,
2382,web and app design studio,YES,WRONG,MED,,studio not MSP
2383,IT engineering and services,YES,OK,MED,,
2384,unknown,YES,UNCLEAR,LOW,,
2385,IT outsourcing services,YES,UNCLEAR,LOW,,
2386,government software development and IT services,YES,OK,MED,,
2387,computer systems and IT services,YES,WRONG,MED,,IT firm in guard line
2388,cloud technology training,YES,OK,MED,,
2389,apparel ERP software vendor,YES,OK,HIGH,,
2390,IT products and services,YES,UNCLEAR,LOW,,
2391,software publisher,YES,OK,MED,,
2392,IT consulting and software services,YES,UNCLEAR,LOW,,
2396,IT consulting and services,YES,UNCLEAR,LOW,,
2401,voice and communications services,YES,UNCLEAR,LOW,,
2405,creative and web agency,YES,UNCLEAR,LOW,,
2408,telecom services provider,YES,WRONG,MED,,telecom not software vendor
2409,technical and IT services,YES,UNCLEAR,LOW,,
2410,data and IT systems,YES,UNCLEAR,LOW,,
2412,unknown,YES,UNCLEAR,LOW,,
2413,IT services provider,YES,OK,MED,,
2414,CAD software and hardware reseller,YES,WRONG,MED,,
2415,strategy consulting,YES,UNCLEAR,LOW,,
2416,unknown,YES,UNCLEAR,LOW,,
2418,technical services,YES,UNCLEAR,LOW,,
2419,IT information services,YES,OK,MED,,
2421,unknown,YES,UNCLEAR,LOW,,
2422,cybersecurity and incident response,YES,OK,MED,,
2423,network and technology services for multi-location retail,UNCLEAR,UNCLEAR,LOW,Contact Pointe,domain differs from name
2424,computer systems and IT support,YES,OK,MED,,
2425,technology services,YES,UNCLEAR,LOW,,
2426,IT consulting,YES,UNCLEAR,LOW,,
2427,IT support services,YES,OK,MED,,
2428,unknown,YES,UNCLEAR,LOW,,
2431,technology services,YES,UNCLEAR,LOW,,
2432,unknown,YES,UNCLEAR,LOW,,
2433,IT managed services and hosting,YES,UNCLEAR,LOW,,
2435,logistics services,YES,OK,MED,,
2436,truck-related business,YES,UNCLEAR,LOW,,possibly carrier or dealer
2437,unknown,YES,UNCLEAR,LOW,,
2439,staffing agency,YES,OK,MED,,
2443,industrial or maintenance services,YES,UNCLEAR,LOW,,
2444,engineering and environmental consulting,YES,WRONG,MED,,
2446,unknown,YES,UNCLEAR,LOW,,
2447,unknown,YES,UNCLEAR,LOW,,
2451,possibly cleaning services,YES,UNCLEAR,LOW,,
2452,commercial cleaning services,YES,OK,MED,,
2453,facility cleaning services,YES,OK,MED,,
2454,HVAC and mechanical services,YES,OK,MED,,
2458,asbestos and hazmat abatement,YES,UNCLEAR,MED,,
2459,general cleaning and janitorial,YES,WRONG,MED,,cleaning not restoration
2460,Paul Davis restoration franchise,DBA,OK,HIGH,Paul Davis Restoration Reno-Tahoe,
2464,government consulting,YES,WRONG,MED,,consulting not accounting
2465,accounting firm,YES,OK,HIGH,,
2466,tax and accounting services,YES,OK,HIGH,,
2468,CPA firm,YES,OK,HIGH,,
2469,financial services firm,YES,UNCLEAR,LOW,,
2470,leadership assessment and development,YES,OK,HIGH,,
2471,construction camera software and hardware,YES,OK,MED,,
2472,construction camera systems,YES,OK,MED,,
2473,construction estimating software,YES,OK,HIGH,,
2474,technology training provider,YES,OK,HIGH,,
2475,corporate training provider,YES,OK,MED,,
2476,sales performance training,YES,OK,HIGH,,
2477,communication training,YES,UNCLEAR,LOW,,
2478,K-12 intervention services,YES,OK,MED,,generic line
2479,unknown,YES,UNCLEAR,LOW,,
2482,STEM education kits,YES,OK,MED,,
2483,pilot recurrent training,YES,OK,HIGH,,
2484,online literacy courses,YES,OK,HIGH,,
2487,unknown,YES,OK,LOW,,generic line
2490,medical compliance training,YES,OK,MED,,
2492,crane safety training,YES,OK,MED,,
2494,unknown,YES,UNCLEAR,LOW,,
2495,unknown,YES,UNCLEAR,LOW,,
2498,cybersecurity training and services,YES,UNCLEAR,LOW,,
2500,unknown,YES,UNCLEAR,LOW,,
2502,IT services,YES,UNCLEAR,LOW,,
2503,property company,UNCLEAR,WRONG,MED,,name says properties not MSP
2504,security systems integrator,YES,WRONG,MED,,systems integrator not guards
2506,technology services,YES,UNCLEAR,LOW,,
2509,technology services,YES,UNCLEAR,LOW,,
2512,environmental services,YES,UNCLEAR,LOW,,
2513,online cooking school,YES,OK,HIGH,Rouxbe,
2514,training technology,YES,UNCLEAR,LOW,,
2515,Microsoft Dynamics consulting,YES,OK,LOW,,generic line
2516,construction materials software,YES,OK,HIGH,Acelab,
2517,software company,YES,OK,MED,,
2518,managed IT services,YES,OK,MED,,
2521,customs brokerage and freight forwarding,YES,OK,MED,,
2522,logistics and freight services,YES,OK,MED,,
2524,logistics,YES,UNCLEAR,LOW,,
2525,healthcare real estate,YES,OK,MED,Davis Healthcare Real Estate,
2526,security guard services,YES,OK,MED,,
2527,security guard services,YES,OK,MED,,
2528,logistics services,YES,OK,MED,,
2529,freight brokerage technology,YES,OK,MED,,
2531,virtual assistant services,YES,OK,MED,,generic line
2532,IT consulting,YES,OK,LOW,,generic line
2535,fire protection services,YES,OK,MED,,
2538,expedited freight,YES,OK,MED,,
2540,components manufacturer or supplier,YES,WRONG,MED,,not logistics
2541,express trucking or courier,YES,UNCLEAR,LOW,,
2542,cold storage warehousing,YES,UNCLEAR,MED,,
2543,limousine and car service,YES,OK,HIGH,Carmel Car Service,line is about dispatch and trip records
2544,customs brokerage and logistics,YES,OK,HIGH,,
2545,courier services,YES,UNCLEAR,MED,,
2547,supply chain consulting,YES,OK,MED,,
2548,warehousing and storage,YES,UNCLEAR,LOW,,
2549,courier services,YES,UNCLEAR,MED,,
2550,mobile asset and IT management,YES,OK,MED,,
2551,property management,YES,OK,MED,,
2552,digital safety and security technology,YES,UNCLEAR,LOW,,
2553,logistics and supply chain,YES,OK,MED,,
2554,customs brokerage and freight forwarding,YES,OK,MED,,
2556,express freight carrier,YES,UNCLEAR,LOW,,
2557,unknown,YES,UNCLEAR,LOW,,
2558,unknown,YES,UNCLEAR,LOW,,
2559,cargo restraint device maker,YES,OK,MED,KICK STOPS,generic customer line
2560,logistics services,YES,OK,MED,,
2561,logistics services,YES,OK,MED,,
2562,unknown,YES,UNCLEAR,LOW,,
2563,CPA firm,YES,OK,MED,,
2564,likely reptile business,YES,WRONG,MED,,
2565,graphics business,YES,UNCLEAR,LOW,,
2566,Dynamics consulting and IT services,YES,UNCLEAR,LOW,,
2567,network monitoring software,YES,OK,HIGH,,
2568,power systems analytics software,YES,OK,HIGH,,
2570,healthcare software,YES,OK,HIGH,,
2571,application security software,YES,OK,HIGH,,
2573,mobile analytics software,YES,OK,HIGH,,
2574,Group Policy software,YES,OK,HIGH,,
2575,scientific informatics software,YES,OK,HIGH,,
2577,3D collaboration software,YES,OK,HIGH,,generic line
2578,OSINT analytics software,YES,OK,HIGH,,
2579,insights and research,YES,UNCLEAR,LOW,,
2580,architecture software ArchiCAD,YES,OK,HIGH,,
2582,robotics software platform,YES,OK,HIGH,,
2583,OT secure access software,YES,OK,HIGH,,
2584,simulation software,YES,OK,HIGH,,
2585,environmental compliance software,YES,OK,HIGH,,
2586,pathology image analysis software,YES,OK,HIGH,,
2587,legal data room software,YES,OK,HIGH,,
2590,Wi-Fi monitoring product vendor,YES,WRONG,MED,,vendor not MSP
2594,education and community software,YES,OK,HIGH,,
2595,eDiscovery services,YES,UNCLEAR,LOW,,
2596,cloud consulting services,YES,UNCLEAR,LOW,,
2599,metadata platform software,DBA,OK,HIGH,DataHub,rebranded from Acryl Data
2600,legal document management software,YES,OK,HIGH,,
2602,software company,UNCLEAR,OK,MED,,
2603,colocation data center,YES,WRONG,MED,,
2605,cyber training software,YES,OK,HIGH,,
2606,database software,YES,OK,HIGH,,
2610,freight brokerage platform,YES,OK,MED,,
2611,staffing agency,YES,OK,MED,,
2612,unknown,YES,UNCLEAR,LOW,,
2613,security guard services,YES,OK,MED,,
2614,security systems integrator,YES,WRONG,MED,Sciens Building Solutions,technicians not guards
2618,technology services,YES,UNCLEAR,LOW,,
2621,staffing agency,YES,OK,MED,,
2622,editorial manager software,YES,OK,HIGH,,
2623,aviation business,YES,UNCLEAR,LOW,,
2625,database clustering software,YES,OK,HIGH,,
2626,cybersecurity services,YES,OK,MED,,
2627,open source license software,YES,OK,HIGH,,
2630,bookkeeping and accounting,YES,OK,MED,,
2631,online classes platform,YES,OK,MED,,
2633,economic impact software,YES,OK,HIGH,,
2639,charter school network,YES,WRONG,HIGH,,K-12 school
2640,optometry technology,YES,UNCLEAR,LOW,,
2643,video delivery software,YES,OK,HIGH,,
2644,IT services,YES,OK,MED,,
2645,GPS fleet tracking,YES,OK,MED,,
2646,employment information services,YES,UNCLEAR,LOW,,
2647,freight audit and logistics technology,DBA,OK,MED,CTSI-Global,
2648,eDiscovery services,YES,UNCLEAR,LOW,,
2650,freight brokerage,YES,OK,MED,PT Brokers,
2652,staffing agency,YES,OK,MED,,
2653,safety alert software,DBA,OK,HIGH,HAAS Alert,
2655,supply chain software,YES,OK,MED,,
2656,software publisher,YES,OK,MED,Software Pursuits,
2657,healthcare software,YES,OK,HIGH,,
2658,3D web software,YES,OK,HIGH,,
2660,school information system software,YES,OK,HIGH,Alma,
2662,data and IT services,YES,UNCLEAR,LOW,,
2664,energy management software,YES,OK,MED,,
2665,casino security software and services,YES,OK,MED,,
2666,restaurant digital menu software,YES,OK,MED,,
2668,IT security and managed services,YES,OK,MED,,
2669,IT managed services,YES,OK,MED,,
2671,IT support services,YES,OK,MED,,
2672,CAD and facilities management software,YES,WRONG,MED,,
2675,digital agency and app development,YES,WRONG,MED,,
2676,healthcare data software,YES,OK,MED,,
2677,unknown,YES,UNCLEAR,LOW,,
2679,computer and IT services,YES,UNCLEAR,LOW,,
