row,what_it_does,name_website_match,line_fit,trading_name,note
1201,unknown,UNCLEAR,UNCLEAR,,Search found nothing on domain
1202,CPA and advisory firm in Florida/Georgia,YES,OK,,
1203,unknown,YES,UNCLEAR,,Name suggests CPA; search found nothing
1207,Digital accessibility compliance software,DBA,OK,Allyable,Trades as Allyable (Make Sense)
1215,unknown,YES,UNCLEAR,,Search found nothing
1216,Technology consulting: cloud DevOps app development,DBA,OK,SingleStone,Rebranded SingleStone in 2014; consulting more than MSP
1220,Microsoft project portfolio management IT consulting,YES,OK,,PPM consulting; ticket line is a loose fit
1223,IT consulting and security solutions,YES,OK,,
1225,unknown,UNCLEAR,UNCLEAR,,Search found nothing on domain
1226,Data and IT consulting services,YES,OK,,
1227,unknown,UNCLEAR,UNCLEAR,,Search found nothing; domain differs from name
1237,unknown,YES,UNCLEAR,,Search found nothing
1239,Federal IT services including help desk and networks,YES,OK,,
1248,unknown,YES,UNCLEAR,,Search found nothing
1252,Federal IT security consulting and environmental science,YES,OK,IBSS,Trades as IBSS
1255,unknown,UNCLEAR,UNCLEAR,,Search found nothing; domain differs from name
1256,unknown,UNCLEAR,UNCLEAR,,Search found only unrelated Web Works firms
1260,unknown,UNCLEAR,UNCLEAR,,Search found nothing
1265,HVAC repair and installation contractor,YES,OK,,
1275,unknown,UNCLEAR,UNCLEAR,,Name suggests diesel repair shop; domain unverified; line may be wrong
1276,unknown,UNCLEAR,UNCLEAR,,Not searched: search budget exhausted
1280,Commercial truck driver (CDL) training,UNCLEAR,OK,,Not searched: budget exhausted; name-based
1283,unknown,UNCLEAR,UNCLEAR,,Not searched: search budget exhausted
1284,unknown,UNCLEAR,UNCLEAR,,Not searched: search budget exhausted
1291,unknown,UNCLEAR,UNCLEAR,,Not searched: search budget exhausted
1296,Staffing agency,UNCLEAR,OK,,Not searched: budget exhausted; name-based
1308,unknown,UNCLEAR,UNCLEAR,,Not searched: search budget exhausted
1309,unknown,UNCLEAR,UNCLEAR,,Not searched: search budget exhausted
1314,CPA and advisory firm,UNCLEAR,OK,,Not searched: budget exhausted; name-based
1322,unknown,UNCLEAR,UNCLEAR,,Not searched: search budget exhausted
1323,unknown,UNCLEAR,UNCLEAR,,Not searched: search budget exhausted
1329,unknown,UNCLEAR,UNCLEAR,,Not searched: search budget exhausted
1331,unknown,UNCLEAR,UNCLEAR,,Not searched: search budget exhausted
1332,unknown,UNCLEAR,UNCLEAR,,Not searched: search budget exhausted; domain differs from name
1333,unknown,UNCLEAR,UNCLEAR,,Not searched: search budget exhausted
1335,unknown,UNCLEAR,UNCLEAR,,Not searched: search budget exhausted
1336,unknown,UNCLEAR,UNCLEAR,,Not searched: search budget exhausted
1341,unknown,UNCLEAR,UNCLEAR,,Not searched: search budget exhausted
1344,Property management in San Diego,UNCLEAR,OK,,Not searched: budget exhausted; domain-based
1346,Water damage restoration contractor,UNCLEAR,OK,,Not searched: budget exhausted; name-based
